{
  "N": 0.43000000000000005,
  "D": 0.5500000000000002,
  "G": 0.5500000000000002,
  "C": 0.8500000000000002,
  "A": 0.49000000000000005,
  "H": 0.4700000000000001,
  "M": 0.43000000000000005,
  "O": 0.6300000000000001
}